hit_rate,trades,p_hat,stake_pct
0.45,0,0.375,0.0
0.45,20,0.4125,2.0
0.45,40,0.425,2.0
0.45,60,0.43125,2.0
0.45,80,0.435,2.0
0.45,100,0.4375,2.0
0.45,120,0.43929,2.0
0.45,140,0.44062,2.0
0.45,160,0.44167,2.0
0.45,180,0.4425,2.0
0.45,200,0.44318,2.0
0.45,220,0.44375,2.0
0.45,240,0.44423,2.0
0.45,260,0.44464,2.0
0.45,280,0.445,2.0
0.45,300,0.44531,2.0
0.3,0,0.375,0.0
0.3,20,0.3375,0.0
0.3,40,0.325,0.0
0.3,60,0.31875,0.0
0.3,80,0.315,0.0
0.3,100,0.3125,0.0
0.3,120,0.31071,0.0
0.3,140,0.30938,0.0
0.3,160,0.30833,0.0
0.3,180,0.3075,0.0
0.3,200,0.30682,0.0
0.3,220,0.30625,0.0
0.3,240,0.30577,0.0
0.3,260,0.30536,0.0
0.3,280,0.305,0.0
0.3,300,0.30469,0.0
