fy,FYOINT,FYFR,interest_share
1979,42633.0,463302,9.202
1980,52533.0,517112,10.159
1981,68766.0,599272,11.475
1982,85032.0,617766,13.764
1983,89808.0,600562,14.954
1984,111102.0,666438,16.671
1985,129478.0,734037,17.639
1986,136017.0,769155,17.684
1987,138611.0,854287,16.225
1988,151803.0,909238,16.696
1989,168981.0,991104,17.05
1990,184347.0,1031958,17.864
1991,194448.0,1054988,18.431
1992,199344.0,1091208,18.268
1993,198713.0,1154334,17.215
1994,202932.0,1258566,16.124
1995,232134.0,1351790,17.172
1996,241053.0,1453053,16.589
1997,243984.0,1579232,15.45
1998,241118.0,1721728,14.004
1999,229755.0,1827452,12.572
2000,222949.0,2025191,11.009
2001,206167.0,1991082,10.355
2002,170949.0,1853136,9.225
2003,153073.0,1782314,8.588
2004,160245.0,1880114,8.523
2005,183986.0,2153611,8.543
2006,226603.0,2406869,9.415
2007,237109.0,2567985,9.233
2008,252757.0,2523991,10.014
2009,186902.0,2104989,8.879
2010,196194.0,2162706,9.072
2011,229962.0,2303466,9.983
2012,220408.0,2449990,8.996
2013,220885.0,2775106,7.96
2014,228956.0,3021491,7.578
2015,223181.0,3249890,6.867
2016,240033.0,3267965,7.345
2017,262551.0,3316184,7.917
2018,324975.0,3329907,9.759
2019,375158.0,3463364,10.832
2020,345470.0,3421164,10.098
2021,352338.0,4047111,8.706
2022,475887.0,4897339,9.717
2023,658267.0,4440948,14.823
2024,879879.0,4919884,17.884
2025,970065.0,5236421,18.525
