strike,density
521.0,3.9422113406247306e-13
524.0717863105175,4.866237916310268e-13
527.1435726210351,6.017367733133075e-13
530.2153589315526,7.454049574380986e-13
533.2871452420701,9.250464965208581e-13
536.3589315525876,1.1500952158502347e-12
539.4307178631052,1.4325728325266321e-12
542.5025041736227,1.7878307109065247e-12
545.5742904841402,2.2355135259711828e-12
548.6460767946578,2.800814058539099e-12
551.7178631051753,3.516110842718235e-12
554.7896494156928,4.4231104923648e-12
557.8614357262104,5.575656926921985e-12
560.9332220367279,7.043424054171401e-12
564.0050083472454,8.916781755192289e-12
567.0767946577629,1.1313224131290135e-11
570.1485809682805,1.438588338371411e-11
573.220367278798,1.8334835484805254e-11
576.2921535893155,2.342215308434181e-11
579.3639398998331,2.999200205646234e-11
582.4357262103506,3.849754582604715e-11
585.5075125208681,4.9537065189438664e-11
588.5792988313856,6.39025895935372e-11
591.6510851419032,8.26455656227881e-11
594.7228714524207,1.0716579653143718e-10
597.7946577629382,1.3933226681171024e-10
600.8664440734558,1.8164779347065633e-10
603.9382303839733,2.3747411389635876e-10
607.0100166944908,3.113405916276759e-10
610.0818030050084,4.093690046478088e-10
613.1535893155259,5.398600424588802e-10
616.2253756260434,7.141058672067985e-10
619.297161936561,9.475198458441735e-10
622.3689482470785,1.2612129182862164e-09
625.440734557596,1.6842012822600253e-09
628.5125208681135,2.256509877100319e-09
631.5843071786311,3.0335519570325638e-09
634.6560934891486,4.092333811663305e-09
637.7278797996661,5.5402806919563704e-09
640.7996661101837,7.527843088430578e-09
643.8714524207012,1.0266578645573668e-08
646.9432387312187,1.4055200303132014e-08
650.0150250417362,1.9317266576052548e-08
653.0868113522538,2.6655965012522892e-08
656.1585976627713,3.6934111439331436e-08
659.2303839732888,5.13915287062406e-08
662.3021702838064,7.181811311358629e-08
665.3739565943239,1.0081028913281027e-07
668.4457429048414,1.4215298874775028e-07
671.517529215359,2.0139160319005267e-07
674.5893155258765,2.866930372349841e-07
677.661101836394,4.101492272607489e-07
680.7328881469116,5.897617966062304e-07
683.8046744574291,8.524815641787333e-07
686.8764607679466,1.238891748846756e-06
689.9482470784641,1.8104686616194477e-06
693.0200333889816,2.660910512639016e-06
696.0918196994992,3.9339300214921025e-06
699.1636060100167,5.851387935953925e-06
702.2353923205342,8.758086777964341e-06
705.3071786310518,1.3193599630866582e-05
708.3789649415693,2.0008292717944094e-05
711.4507512520868,3.0552131500658414e-05
714.5225375626044,4.698425875045308e-05
717.5943238731219,7.278447467394403e-05
720.6661101836394,0.00011360470522933172
723.737896494157,0.00017869686537382568
726.8096828046745,0.00028332357420750884
729.881469115192,0.00045285151637438015
732.9532554257096,0.0007297277700140883
736.0250417362271,0.001185370884159786
739.0968280467446,0.0019403080886072153
742.1686143572622,0.0031976361296532463
745.2404006677797,0.005296205724514208
748.3121869782972,0.008784626228382164
751.3839732888147,0.014260948545945418
754.4557595993322,0.02197396149495879
757.5275459098498,0.03126239374889391
760.5993322203673,0.039964757957120595
763.6711185308848,0.044892195611749654
766.7429048414024,0.043737170940717135
769.8146911519199,0.03692786383992785
772.8864774624374,0.027331266069996675
775.958263772955,0.018111199283650382
779.0300500834725,0.011033875729620321
782.10183639399,0.006359030502434703
785.1736227045076,0.0035290973171595787
788.2454090150251,0.001892001679027809
791.3171953255426,0.0009802945395966562
794.3889816360602,0.0004902540297403574
797.4607679465776,0.00023605817626209767
800.5325542570952,0.00010904348362107008
803.6043405676128,4.810420857429974e-05
806.6761268781302,2.0152537004405657e-05
809.7479131886478,7.962745575947294e-06
812.8196994991653,2.9426491538559436e-06
815.8914858096828,1.006588496426972e-06
818.9632721202004,3.145970913492147e-07
822.0350584307179,8.835610784973196e-08
825.1068447412354,2.182197531621814e-08
828.178631051753,4.6040534719611455e-09
831.2504173622705,7.972310786184756e-10
834.322203672788,1.0696053696045161e-10
837.3939899833056,1.0191398709989127e-11
840.4657762938231,5.989004156215275e-13
843.5375626043406,1.687935568916153e-14
846.6093489148582,1.3570073122712467e-16
849.6811352253757,7.729023320520389e-20
852.7529215358932,2.080694256728369e-27
855.8247078464108,0.0
858.8964941569282,0.0
861.9682804674458,0.0
865.0400667779633,0.0
868.1118530884808,0.0
871.1836393989984,0.0
874.2554257095159,0.0
877.3272120200334,0.0
880.398998330551,0.0
883.4707846410685,0.0
886.542570951586,0.0
889.6143572621036,0.0
892.6861435726211,0.0
895.7579298831386,0.0
898.8297161936562,0.0
901.9015025041737,0.0
904.9732888146912,0.0
908.0450751252088,0.0
911.1168614357262,0.0
914.1886477462438,0.0
917.2604340567614,0.0
920.3322203672788,0.0
923.4040066777964,0.0
926.4757929883139,0.0
929.5475792988314,0.0
932.619365609349,0.0
935.6911519198665,0.0
938.762938230384,0.0
941.8347245409016,0.0
944.9065108514191,0.0
947.9782971619366,0.0
951.0500834724542,0.0
954.1218697829717,0.0
957.1936560934892,0.0
960.2654424040068,0.0
963.3372287145243,0.0
966.4090150250418,0.0
969.4808013355594,0.0
972.5525876460767,0.0
975.6243739565944,0.0
978.6961602671118,0.0
