date,strategy,spy
2008-02-29,-0.01505,-0.03281
2008-03-07,-0.03021,-0.06252
2008-03-14,-0.03657,-0.07488
2008-03-21,-0.03682,-0.07271
2008-03-28,-0.02285,-0.0448
2008-04-04,-0.02043,-0.04146
2008-04-11,-0.01705,-0.03122
2008-04-18,-0.01892,-0.03449
2008-04-25,-0.00518,-0.00599
2008-05-02,-0.00228,-0.00981
2008-05-09,-0.01143,-0.02218
2008-05-16,-0.00626,-0.01119
2008-05-23,-0.01942,-0.03782
2008-05-30,-0.01549,-0.03069
2008-06-06,-0.02858,-0.04726
2008-06-13,-0.03696,-0.06368
2008-06-20,-0.0444,-0.07558
2008-06-27,-0.05986,-0.10403
2008-07-04,-0.06508,-0.11352
2008-07-11,-0.07391,-0.12996
2008-07-18,-0.08072,-0.14998
2008-07-25,-0.06435,-0.11844
2008-08-01,-0.06799,-0.13136
2008-08-08,-0.06165,-0.12188
2008-08-15,-0.04599,-0.09673
2008-08-22,-0.05128,-0.10783
2008-08-29,-0.05243,-0.10762
2008-09-05,-0.0631,-0.12862
2008-09-12,-0.06214,-0.13431
2008-09-19,-0.08355,-0.18075
2008-09-26,-0.07571,-0.1623
2008-10-03,-0.10745,-0.22032
2008-10-10,-0.19833,-0.37464
2008-10-17,-0.199,-0.3639
2008-10-24,-0.20258,-0.38496
2008-10-31,-0.21362,-0.40679
2008-11-07,-0.1801,-0.35797
2008-11-14,-0.19872,-0.39358
2008-11-21,-0.23577,-0.46686
2008-11-28,-0.18245,-0.39916
2008-12-05,-0.21999,-0.41979
2008-12-12,-0.16129,-0.3786
2008-12-19,-0.16395,-0.37994
2008-12-26,-0.16558,-0.38623
2009-01-02,-0.16641,-0.38089
2009-01-09,-0.13262,-0.36536
2009-01-16,-0.17562,-0.39899
2009-01-23,-0.19495,-0.42606
2009-01-30,-0.18825,-0.40996
2009-02-06,-0.18026,-0.41174
2009-02-13,-0.15477,-0.41045
2009-02-20,-0.20787,-0.44849
2009-02-27,-0.25356,-0.47336
2009-03-06,-0.30323,-0.5099
2009-03-13,-0.30463,-0.51481
2009-03-20,-0.22312,-0.45961
2009-03-27,-0.14658,-0.42173
2009-04-03,-0.15327,-0.43472
2009-04-10,-0.12235,-0.4142
2009-04-17,-0.0858,-0.39483
2009-04-24,-0.10093,-0.40143
2009-05-01,-0.05628,-0.38607
2009-05-08,-0.02086,-0.3502
2009-05-15,-0.06782,-0.36376
2009-05-22,-0.04379,-0.36132
2009-05-29,-0.03446,-0.35666
2009-06-05,-0.01661,-0.3281
2009-06-12,-0.00647,-0.32444
2009-06-19,-0.05984,-0.34317
2009-06-26,-0.09698,-0.35584
2009-07-03,-0.11778,-0.35201
2009-07-10,-0.15477,-0.36536
2009-07-17,-0.12929,-0.34992
2009-07-24,-0.0668,-0.31363
2009-07-31,-0.04077,-0.29545
2009-08-07,-0.03866,-0.27929
2009-08-14,-0.04054,-0.28044
2009-08-21,-0.05949,-0.29069
2009-08-28,-0.02126,-0.25714
2009-09-04,-0.05402,-0.27979
2009-09-11,-0.01561,-0.25728
2009-09-18,-2e-05,-0.2404
2009-09-25,-0.03529,-0.2428
2009-10-02,-0.06408,-0.257
2009-10-09,-0.05163,-0.24591
2009-10-16,-0.01052,-0.22098
2009-10-23,-0.0216,-0.21648
2009-10-30,-0.0513,-0.24925
2009-11-06,-0.04877,-0.24374
2009-11-13,-0.00708,-0.20959
2009-11-20,-0.01653,-0.20669
2009-11-27,-0.01497,-0.20568
2009-12-04,-0.01219,-0.203
2009-12-11,-0.01554,-0.20539
2009-12-18,-0.01687,-0.20126
2009-12-25,-0.00254,-0.18858
2010-01-01,-0.01466,-0.18777
2010-01-08,-0.02108,-0.174
2010-01-15,-0.03276,-0.17174
2010-01-22,-0.08518,-0.20403
2010-01-29,-0.08946,-0.21729
2010-02-05,-0.10392,-0.22422
2010-02-12,-0.10712,-0.22822
2010-02-19,-0.05035,-0.20016
2010-02-26,-0.05651,-0.19965
2010-03-05,-0.03162,-0.18449
2010-03-12,-0.01788,-0.16715
2010-03-19,-0.00676,-0.15826
2010-03-26,-0.00567,-0.14681
2010-04-02,-0.0072,-0.14374
2010-04-09,-0.00146,-0.13378
2010-04-16,-0.01995,-0.12647
2010-04-23,-0.02353,-0.12317
2010-04-30,-0.03536,-0.13291
2010-05-07,-0.10136,-0.18575
2010-05-14,-0.09324,-0.1665
2010-05-21,-0.14311,-0.21297
2010-05-28,-0.13622,-0.21568
2010-06-04,-0.14796,-0.21824
2010-06-11,-0.16194,-0.22797
2010-06-18,-0.12518,-0.19855
2010-06-25,-0.13189,-0.21011
2010-07-02,-0.16604,-0.24849
2010-07-09,-0.16184,-0.24357
2010-07-16,-0.11544,-0.2157
2010-07-23,-0.11051,-0.21268
2010-07-30,-0.08244,-0.18915
2010-08-06,-0.0739,-0.17481
2010-08-13,-0.07612,-0.20356
2010-08-20,-0.07541,-0.2093
2010-08-27,-0.0872,-0.22621
2010-09-03,-0.08667,-0.22562
2010-09-10,-0.04738,-0.19378
2010-09-17,-0.01449,-0.17165
2010-09-24,-0.01747,-0.16833
2010-10-01,-0.01857,-0.15628
2010-10-08,-0.02729,-0.15908
2010-10-15,0.0,-0.13765
2010-10-22,-0.01731,-0.13705
2010-10-29,-0.00407,-0.12486
2010-11-05,-0.0078,-0.12375
2010-11-12,-0.01587,-0.1114
2010-11-19,-0.03593,-0.12648
2010-11-26,-0.02546,-0.12434
2010-12-03,-0.02092,-0.12404
2010-12-10,-0.00509,-0.09248
2010-12-17,-0.00784,-0.08257
2010-12-24,0.0,-0.07403
2010-12-31,-0.0058,-0.06623
2011-01-07,-0.02529,-0.05634
2011-01-14,-0.01065,-0.05634
2011-01-21,-0.02204,-0.04817
2011-01-28,-0.02372,-0.05084
2011-02-04,-0.01101,-0.04371
2011-02-11,0.0,-0.01926
2011-02-18,-0.01057,-0.01153
2011-02-25,-0.04112,-0.02699
2011-03-04,-0.03679,-0.02699
2011-03-11,-0.03237,-0.03435
2011-03-18,-0.0557,-0.06229
2011-03-25,-0.04141,-0.035
2011-04-01,-0.02096,-0.02239
2011-04-08,-0.01118,-0.00836
2011-04-15,-0.01195,-0.01881
2011-04-22,-0.01291,-0.02552
2011-04-29,-0.00342,-0.00253
2011-05-06,-0.01714,-0.02067
2011-05-13,-0.01048,-0.01752
2011-05-20,-0.01971,-0.0239
2011-05-27,-0.02146,-0.03284
2011-06-03,-0.0321,-0.04405
2011-06-10,-0.0465,-0.06472
2011-06-17,-0.0599,-0.06897
2011-06-24,-0.05233,-0.0659
2011-07-01,-0.03738,-0.05758
2011-07-08,-0.00096,-0.01434
2011-07-15,-0.03504,-0.03556
2011-07-22,-0.04354,-0.03791
2011-07-29,-0.04561,-0.04734
2011-08-05,-0.1101,-0.11548
2011-08-12,-0.16322,-0.17308
2011-08-19,-0.18653,-0.17028
2011-08-26,-0.18082,-0.16962
2011-09-02,-0.11951,-0.1319
2011-09-09,-0.12857,-0.14612
2011-09-16,-0.12187,-0.1406
2011-09-23,-0.14148,-0.16436
2011-09-30,-0.15603,-0.16221
2011-10-07,-0.18187,-0.18606
2011-10-14,-0.10708,-0.1146
2011-10-21,-0.10288,-0.10979
2011-10-28,-0.08155,-0.08891
2011-11-04,-0.0856,-0.09669
2011-11-11,-0.07253,-0.0881
2011-11-18,-0.08979,-0.09683
2011-11-25,-0.13312,-0.13859
2011-12-02,-0.11038,-0.11364
2011-12-09,-0.0756,-0.08225
2011-12-16,-0.10502,-0.09861
2011-12-23,-0.11361,-0.1037
2011-12-30,-0.08574,-0.06987
2012-01-06,-0.07923,-0.04998
2012-01-13,-0.06256,-0.0461
2012-01-20,-0.05464,-0.03627
2012-01-27,-0.03503,-0.02047
2012-02-03,-0.01857,-0.02151
2012-02-10,-0.0068,-0.00739
2012-02-17,-0.00591,-0.00591
2012-02-24,-0.00211,-0.00322
2012-03-02,-0.0076,-0.00393
2012-03-09,-0.0164,-0.02164
2012-03-16,-0.00277,-0.00109
2012-03-23,-0.00506,-0.01171
2012-03-30,-0.01522,-0.00974
2012-04-06,-0.02719,-0.01445
2012-04-13,-0.05108,-0.04188
2012-04-20,-0.04584,-0.03377
2012-04-27,-0.05598,-0.0356
2012-05-04,-0.05668,-0.03412
2012-05-11,-0.07983,-0.04392
2012-05-18,-0.12864,-0.08531
2012-05-25,-0.10917,-0.06959
2012-06-01,-0.14835,-0.09645
2012-06-08,-0.14423,-0.09687
2012-06-15,-0.12589,-0.07353
2012-06-22,-0.11934,-0.06143
2012-06-29,-0.13053,-0.06937
2012-07-06,-0.10927,-0.03982
2012-07-13,-0.11883,-0.05385
2012-07-20,-0.11012,-0.04024
2012-07-27,-0.10979,-0.05087
2012-08-03,-0.10181,-0.03167
2012-08-10,-0.09809,-0.01055
2012-08-17,-0.10192,-0.0024
2012-08-24,-0.08905,-0.01076
2012-08-31,-0.08249,-0.01196
2012-09-07,-0.08077,-0.009
2012-09-14,-0.05572,-0.00568
2012-09-21,-0.05183,-0.00421
2012-09-28,-0.05754,-0.02163
2012-10-05,-0.04274,-0.01439
2012-10-12,-0.05353,-0.02436
2012-10-19,-0.04947,-0.02095
2012-10-26,-0.05514,-0.03713
2012-11-02,-0.05697,-0.03488
2012-11-09,-0.05767,-0.05748
2012-11-16,-0.06797,-0.07346
2012-11-23,-0.04646,-0.05004
2012-11-30,-0.03852,-0.04184
2012-12-07,-0.03831,-0.03556
2012-12-14,-0.04304,-0.02976
2012-12-21,-0.03556,-0.01835
2012-12-28,-0.05488,-0.03711
2013-01-04,-0.03768,-0.02074
2013-01-11,-0.00941,-0.0056
2013-01-18,-0.00245,-0.00075
2013-01-25,-0.01065,0.0
2013-02-01,-0.00319,-0.00637
2013-02-08,-0.02287,-0.01124
2013-02-15,-0.01976,-0.00118
2013-02-22,-0.02655,-0.01847
2013-03-01,-0.03177,-0.02773
2013-03-08,-7e-05,-0.00215
2013-03-15,-0.00397,-0.00224
2013-03-22,-0.01316,-0.01074
2013-03-29,-0.00356,-0.00696
2013-04-05,-0.01778,-0.01059
2013-04-12,-0.01721,-0.00389
2013-04-19,-0.03427,-0.03172
2013-04-26,-0.02943,-0.01897
2013-05-03,-0.0077,-0.00877
2013-05-10,-0.00191,-0.00282
2013-05-17,-0.00834,-0.0047
2013-05-24,-0.01464,-0.01113
2013-05-31,-0.01534,-0.02225
2013-06-07,-0.03487,-0.03529
2013-06-14,-0.02966,-0.03242
2013-06-21,-0.04389,-0.04648
2013-06-28,-0.0524,-0.05551
2013-07-05,-0.04156,-0.03055
2013-07-12,-0.0166,-0.01407
2013-07-19,-0.00848,-0.00375
2013-07-26,-0.01445,-0.00578
2013-08-02,-0.00564,-0.00537
2013-08-09,-0.01121,-0.01035
2013-08-16,-0.03324,-0.02995
2013-08-23,-0.0369,-0.03738
2013-08-30,-0.03974,-0.04457
2013-09-06,-0.03438,-0.03837
2013-09-13,-0.01555,-0.01942
2013-09-20,-0.00668,-0.00866
2013-09-27,-0.01182,-0.01917
2013-10-04,-0.02155,-0.02666
2013-10-11,-0.04401,-0.03908
2013-10-18,-0.03089,-0.01458
2013-10-25,-0.01174,-0.00479
2013-11-01,-0.01295,-0.00779
2013-11-08,-0.01575,-0.01264
2013-11-15,0.0,-0.00203
2013-11-22,-0.00772,-0.00878
2013-11-29,-0.0032,-0.001
2013-12-06,-0.0144,-0.01204
2013-12-13,-0.01706,-0.01814
2013-12-20,-0.01425,-0.01516
2013-12-27,-0.00483,-5e-05
2014-01-03,-0.02566,-0.00975
2014-01-10,-0.02639,-0.01262
2014-01-17,-0.02615,-0.01624
2014-01-24,-0.03183,-0.0314
2014-01-31,-0.05129,-0.03974
2014-02-07,-0.07364,-0.05696
2014-02-14,-0.02806,-0.02534
2014-02-21,-0.00759,-0.00904
2014-02-28,0.0,-0.00038
2014-03-07,-0.00685,-0.00703
2014-03-14,-0.02306,-0.01912
2014-03-21,-0.02339,-0.01025
2014-03-28,-0.04999,-0.01522
2014-04-04,-0.05999,-0.01313
2014-04-11,-0.0851,-0.03902
2014-04-18,-0.07701,-0.03145
2014-04-25,-0.07442,-0.01371
2014-05-02,-0.07685,-0.01059
2014-05-09,-0.09102,-0.01112
2014-05-16,-0.08911,-0.01348
2014-05-23,-0.08576,-0.01269
2014-05-30,-0.05764,-0.00073
2014-06-06,-0.05694,-0.00052
2014-06-13,-0.06464,-0.01053
2014-06-20,-0.06397,-0.0067
2014-06-27,-0.0642,-0.00633
2014-07-04,-0.06403,-0.00112
2014-07-11,-0.06203,-0.00989
2014-07-18,-0.0712,-0.01256
2014-07-25,-0.06559,-0.00468
2014-08-01,-0.07363,-0.03096
2014-08-08,-0.06532,-0.03836
2014-08-15,-0.04877,-0.02577
2014-08-22,-0.03782,-0.00649
2014-08-29,-0.03506,-0.00095
2014-09-05,-0.03725,-0.00249
2014-09-12,-0.04872,-0.00985
2014-09-19,-0.04992,-0.01059
2014-09-26,-0.05665,-0.02261
2014-10-03,-0.06391,-0.03251
2014-10-10,-0.08522,-0.05148
2014-10-17,-0.09659,-0.07273
2014-10-24,-0.04892,-0.05267
2014-10-31,-0.01562,-0.0235
2014-11-07,-0.01542,-0.00347
2014-11-14,-0.00064,-0.00108
2014-11-21,-0.00457,-0.00161
2014-11-28,-0.00137,-0.00212
2014-12-05,-0.00695,-0.00905
2014-12-12,-0.02064,-0.03418
2014-12-19,-0.03859,-0.04851
2014-12-26,-0.00219,0.0
2015-01-02,-0.02151,-0.01576
2015-01-09,-0.04412,-0.04264
2015-01-16,-0.05286,-0.04647
2015-01-23,-0.0405,-0.03191
2015-01-30,-0.04661,-0.04441
2015-02-06,-0.04382,-0.03258
2015-02-13,-0.02019,-0.0196
2015-02-20,0.0,-0.00071
2015-02-27,-0.00931,-0.00543
2015-03-06,-0.02237,-0.02118
2015-03-13,-0.03701,-0.03533
2015-03-20,-0.013,-0.01901
2015-03-27,-0.02347,-0.02738
2015-04-03,-0.02223,-0.02534
2015-04-10,-0.01952,-0.01785
2015-04-17,-0.02775,-0.01468
2015-04-24,-0.02117,-0.00686
2015-05-01,-0.02558,-0.01507
2015-05-08,-0.02992,-0.01706
2015-05-15,-0.01262,-0.00789
2015-05-22,-0.00551,-0.00239
2015-05-29,-0.01544,-0.01312
2015-06-05,-0.02,-0.01747
2015-06-12,-0.02086,-0.02365
2015-06-19,-0.01807,-0.02056
2015-06-26,-0.01135,-0.01246
2015-07-03,-0.02223,-0.03317
2015-07-10,-0.02877,-0.03735
2015-07-17,-0.0212,-0.01269
2015-07-24,-0.02924,-0.02159
2015-07-31,-0.03097,-0.02728
2015-08-07,-0.01523,-0.02183
2015-08-14,-0.00865,-0.01849
2015-08-21,-0.06604,-0.06943
2015-08-28,-0.09839,-0.1191
2015-09-04,-0.087,-0.09793
2015-09-11,-0.06326,-0.08373
2015-09-18,-0.05526,-0.07799
2015-09-25,-0.05356,-0.08814
2015-10-02,-0.07576,-0.11102
2015-10-09,-0.04276,-0.06478
2015-10-16,-0.04748,-0.05769
2015-10-23,-0.04023,-0.04558
2015-10-30,-0.01122,-0.02312
2015-11-06,-0.01283,-0.00686
2015-11-13,-0.04169,-0.04232
2015-11-20,-0.02629,-0.02847
2015-11-27,-0.00411,-0.01144
2015-12-04,-0.01646,-0.0278
2015-12-11,-0.03111,-0.04544
2015-12-18,-0.03998,-0.04861
2015-12-25,-0.03318,-0.04076
2016-01-01,-0.02104,-0.0303
2016-01-08,-0.07629,-0.08714
2016-01-15,-0.10062,-0.10668
2016-01-22,-0.0954,-0.11696
2016-01-29,-0.0752,-0.10749
2016-02-05,-0.08283,-0.10602
2016-02-12,-0.11484,-0.13023
2016-02-19,-0.07068,-0.09731
2016-02-26,-0.04454,-0.08523
2016-03-04,-0.00876,-0.07933
2016-03-11,-0.0067,-0.05631
2016-03-18,-0.00618,-0.03838
2016-03-25,-0.00343,-0.02888
2016-04-01,-0.0066,-0.02831
2016-04-08,-0.02165,-0.02491
2016-04-15,-0.01266,-0.02458
2016-04-22,-0.02095,-0.00538
2016-04-29,-0.05249,-0.01794
2016-05-06,-0.05736,-0.02442
2016-05-13,-0.05277,-0.02542
2016-05-20,-0.06328,-0.02808
2016-05-27,-0.06226,-0.02327
2016-06-03,-0.04755,-0.00299
2016-06-10,-0.03776,-0.01083
2016-06-17,-0.04667,-0.02249
2016-06-24,-0.05417,-0.03801
2016-07-01,-0.07398,-0.05524
2016-07-08,-0.01491,-0.01354
2016-07-15,-0.00373,-0.00134
2016-07-22,-0.00689,-0.00378
2016-07-29,-0.00349,-0.00331
2016-08-05,-0.01297,-0.00778
2016-08-12,-0.0086,-0.00247
2016-08-19,-0.02198,-0.00516
2016-08-26,-0.01785,-0.00822
2016-09-02,-0.01765,-0.0078
2016-09-09,-0.03978,-0.02652
2016-09-16,-0.02792,-0.02711
2016-09-23,-0.02031,-0.021
2016-09-30,-0.00912,-0.0172
2016-10-07,-0.02333,-0.01518
2016-10-14,-0.02602,-0.02284
2016-10-21,-0.02669,-0.02573
2016-10-28,-0.01022,-0.025
2016-11-04,-0.01884,-0.0433
2016-11-11,-0.02079,-0.0222
2016-11-18,-0.02982,-0.00642
2016-11-25,0.0,0.0
2016-12-02,-0.02204,-0.0088
2016-12-09,-0.02271,-0.00235
2016-12-16,-0.01765,-0.00825
2016-12-23,-0.01876,-0.00462
2016-12-30,-0.03003,-0.01279
2017-01-06,-0.0327,-0.00524
2017-01-13,-0.01618,-0.0033
2017-01-20,-0.01577,-0.00572
2017-01-27,-0.01927,-0.00467
2017-02-03,-0.01848,-0.00889
2017-02-10,-0.00109,-0.00279
2017-02-17,-0.00271,-0.00085
2017-02-24,-0.01304,-0.00089
2017-03-03,-0.00369,-0.0063
2017-03-10,-0.01394,-0.01343
2017-03-17,-0.01078,-0.01201
2017-03-24,-0.01526,-0.02099
2017-03-31,-0.01564,-0.02145
2017-04-07,-0.04707,-0.01659
2017-04-14,-0.05347,-0.0261
2017-04-21,-0.04646,-0.02221
2017-04-28,-0.0221,-0.00658
2017-05-05,-0.02126,-0.00121
2017-05-12,-0.00705,-0.00371
2017-05-19,-0.0214,-0.01864
2017-05-26,-0.01047,-0.00325
2017-06-02,0.0,-0.00132
2017-06-09,-0.03065,-0.00393
2017-06-16,-0.03359,-0.00332
2017-06-23,-0.01243,-0.00744
2017-06-30,-0.03089,-0.01361
2017-07-07,-0.04969,-0.0168
2017-07-14,-0.04068,-0.0101
2017-07-21,-0.03826,-0.00089
2017-07-28,-0.07381,-0.0021
2017-08-04,-0.06663,-0.00267
2017-08-11,-0.07148,-0.01658
2017-08-18,-0.08268,-0.02082
2017-08-25,-0.08991,-0.02005
2017-09-01,-0.09055,-0.01331
2017-09-08,-0.07713,-0.0073
2017-09-15,-0.05259,-0.00032
2017-09-22,-0.03475,-0.00268
2017-09-29,-0.03184,-0.00452
2017-10-06,-0.01664,-0.00114
2017-10-13,-0.02598,-0.00279
2017-10-20,-0.03804,0.0
2017-10-27,-0.04349,-0.00708
2017-11-03,-0.04833,-0.00373
2017-11-10,-0.05924,-0.00394
2017-11-17,-0.05106,-0.0103
2017-11-24,-0.02917,-0.00313
2017-12-01,-0.02976,-0.00208
2017-12-08,-0.01446,-0.00687
2017-12-15,-0.00757,-0.0042
2017-12-22,-0.00797,-0.00436
2017-12-29,-0.00654,-0.005
2018-01-05,-0.01548,0.0
2018-01-12,-0.01354,-0.00153
2018-01-19,-0.00684,-0.00342
2018-01-26,-0.00344,-0.00039
2018-02-02,-0.03203,-0.03884
2018-02-09,-0.09751,-0.10102
2018-02-16,-0.06464,-0.07412
2018-02-23,-0.0274,-0.05768
2018-03-02,-0.04338,-0.06588
2018-03-09,-0.04309,-0.05021
2018-03-16,-0.02143,-0.04041
2018-03-23,-0.05602,-0.09595
2018-03-30,-0.04383,-0.08971
2018-04-06,-0.06031,-0.09798
2018-04-13,-0.05558,-0.08561
2018-04-20,-0.04321,-0.06596
2018-04-27,-0.05352,-0.07868
2018-05-04,-0.03365,-0.07994
2018-05-11,-0.01899,-0.06487
2018-05-18,-0.01917,-0.05023
2018-05-25,-0.0177,-0.04655
2018-06-01,-0.02478,-0.05751
2018-06-08,-0.00037,-0.03691
2018-06-15,-0.00268,-0.02595
2018-06-22,-0.00063,-0.03491
2018-06-29,-0.03122,-0.05212
2018-07-06,-0.04225,-0.04667
2018-07-13,-0.0373,-0.02569
2018-07-20,-0.02922,-0.01697
2018-07-27,-0.05774,-0.01394
2018-08-03,-0.06983,-0.01482
2018-08-10,-0.02906,-0.00847
2018-08-17,-0.02659,-0.01331
2018-08-24,-0.01394,-0.00192
2018-08-31,-0.00532,-0.00405
2018-09-07,-0.02018,-0.01331
2018-09-14,-0.02611,-0.0116
2018-09-21,-0.03594,-0.00734
2018-09-28,-0.00692,-0.00813
2018-10-05,-0.03055,-0.01518
2018-10-12,-0.07837,-0.06873
2018-10-19,-0.08352,-0.0611
2018-10-26,-0.12156,-0.09217
2018-11-02,-0.11914,-0.09716
2018-11-09,-0.08714,-0.06456
2018-11-16,-0.07595,-0.07547
2018-11-23,-0.09482,-0.09925
2018-11-30,-0.07061,-0.08471
2018-12-07,-0.09757,-0.09816
2018-12-14,-0.11935,-0.10876
2018-12-21,-0.17048,-0.1716
2018-12-28,-0.19196,-0.19349
2019-01-04,-0.17039,-0.15952
2019-01-11,-0.13754,-0.12452
2019-01-18,-0.13079,-0.11413
2019-01-25,-0.09147,-0.09533
2019-02-01,-0.0652,-0.09344
2019-02-08,-0.03908,-0.07028
2019-02-15,-0.01721,-0.06863
2019-02-22,-0.05762,-0.04522
2019-03-01,-0.06085,-0.04089
2019-03-08,-0.0766,-0.05541
2019-03-15,-0.07671,-0.04171
2019-03-22,-0.08041,-0.03469
2019-03-29,-0.0771,-0.03542
2019-04-05,-0.05404,-0.01195
2019-04-12,-0.04292,-0.00683
2019-04-19,-0.02013,-0.00245
2019-04-26,-0.01277,-0.00283
2019-05-03,-0.01877,-0.00966
2019-05-10,-0.02147,-0.02507
2019-05-17,-0.04231,-0.04479
2019-05-24,-0.02156,-0.04044
2019-05-31,-0.03505,-0.0638
2019-06-07,-0.04425,-0.06618
2019-06-14,-0.0158,-0.01918
2019-06-21,-0.0154,-0.01585
2019-06-28,-0.02588,-0.01344
2019-07-05,-0.02176,-0.00114
2019-07-12,-0.01211,-0.00663
2019-07-19,-0.05504,-0.0119
2019-07-26,-0.04454,-0.00948
2019-08-02,-0.07319,-0.03109
2019-08-09,-0.09999,-0.06023
2019-08-16,-0.1068,-0.05996
2019-08-23,-0.11618,-0.05682
2019-08-30,-0.11269,-0.05013
2019-09-06,-0.10266,-0.03732
2019-09-13,-0.07371,-0.01285
2019-09-20,-0.0602,-0.00779
2019-09-27,-0.0706,-0.01737
2019-10-04,-0.08363,-0.04179
2019-10-11,-0.07333,-0.04022
2019-10-18,-0.05297,-0.01554
2019-10-25,-0.04334,-0.00536
2019-11-01,-0.02525,-0.00266
2019-11-08,-0.00486,-0.00111
2019-11-15,-0.00883,-0.00191
2019-11-22,-0.00757,-0.00561
2019-11-29,-0.0058,-0.00371
2019-12-06,-0.02628,-0.0188
2019-12-13,-0.01538,-0.00618
2019-12-20,-0.01529,0.0
2019-12-27,-0.00502,-0.00025
2020-01-03,-0.00771,-0.00757
2020-01-10,-0.01177,-0.00659
2020-01-17,-0.01492,-0.00152
2020-01-24,-0.01193,-0.00958
2020-01-31,-0.02972,-0.03079
2020-02-07,-0.04151,-0.02359
2020-02-14,-0.01687,-0.00107
2020-02-21,-0.00763,-0.01436
2020-02-28,-0.11135,-0.12437
2020-03-06,-0.13143,-0.12082
2020-03-13,-0.2495,-0.26668
2020-03-20,-0.32507,-0.31978
2020-03-27,-0.29251,-0.33717
2020-04-03,-0.25323,-0.2682
2020-04-10,-0.21268,-0.21257
2020-04-17,-0.17232,-0.18047
2020-04-24,-0.16472,-0.18826
2020-05-01,-0.15257,-0.15927
2020-05-08,-0.15021,-0.15695
2020-05-15,-0.13209,-0.16281
2020-05-22,-0.12663,-0.13198
2020-05-29,-0.1118,-0.11084
2020-06-05,-0.06976,-0.0916
2020-06-12,-0.0744,-0.10629
2020-06-19,-0.05748,-0.08714
2020-06-26,-0.09194,-0.10403
2020-07-03,-0.08108,-0.09086
2020-07-10,-0.06991,-0.06303
2020-07-17,-0.04294,-0.05987
2020-07-24,-0.04778,-0.04183
2020-07-31,-0.04952,-0.04096
2020-08-07,-0.02898,-0.01821
2020-08-14,-0.02423,-0.00825
2020-08-21,0.0,-0.00416
2020-08-28,-0.00202,0.0
2020-09-04,-0.04937,-0.0423
2020-09-11,-0.06756,-0.06847
2020-09-18,-0.04304,-0.07192
2020-09-25,-0.04044,-0.0944
2020-10-02,-0.0081,-0.06709
2020-10-09,-0.03815,-0.05991
2020-10-16,-0.02726,-0.02522
2020-10-23,-0.04062,-0.04004
2020-10-30,-0.06564,-0.08346
2020-11-06,-0.05987,-0.07319
2020-11-13,-0.01964,-0.0097
2020-11-20,-0.01615,-0.01997
2020-11-27,-0.00511,-0.01409
2020-12-04,-0.00533,-0.00443
2020-12-11,-0.00919,-0.01045
2020-12-18,-0.01234,-0.01489
2020-12-25,-0.00681,-0.00923
2021-01-01,-0.0238,-0.00191
2021-01-08,-0.03379,-0.01361
2021-01-15,-0.02137,-0.01458
2021-01-22,-0.01926,-0.00685
2021-01-29,-0.05175,-0.03725
2021-02-05,-0.03833,-0.02123
2021-02-12,-0.0021,-0.0011
2021-02-19,-0.00757,-0.00665
2021-02-26,-0.05563,-0.03128
2021-03-05,-0.0788,-0.0406
2021-03-12,-0.0682,-0.02781
2021-03-19,-0.0224,-0.01637
2021-03-26,-0.0341,-0.02132
2021-04-02,-0.01505,-0.00316
2021-04-09,-0.0,-0.00059
2021-04-16,-0.00647,-0.00342
2021-04-23,-0.01167,-0.0122
2021-04-30,0.0,-0.00657
2021-05-07,-0.0074,-0.01057
2021-05-14,-0.03634,-0.03959
2021-05-21,-0.01475,-0.02667
2021-05-28,-0.01197,-0.00919
2021-06-04,-0.00718,-0.00794
2021-06-11,-0.00331,-0.00225
2021-06-18,-0.01154,-0.02112
2021-06-25,-0.00298,-0.00711
2021-07-02,-0.01567,0.0
2021-07-09,-0.01446,-0.00815
2021-07-16,-0.013,-0.01313
2021-07-23,-0.02782,-0.02771
2021-07-30,-0.01031,-0.00569
2021-08-06,-0.00828,-0.00778
2021-08-13,-0.01932,-0.00081
2021-08-20,-0.03027,-0.01743
2021-08-27,-0.03202,-0.0059
2021-09-03,-0.0101,-0.00148
2021-09-10,-0.01826,-0.0171
2021-09-17,-0.02548,-0.0229
2021-09-24,-0.04213,-0.0401
2021-10-01,-0.06156,-0.05003
2021-10-08,-0.07123,-0.05114
2021-10-15,-0.0722,-0.04012
2021-10-22,-0.06425,-0.01008
2021-10-29,-0.05048,-0.00443
2021-11-05,-0.03411,0.0
2021-11-12,-0.02541,-0.01132
2021-11-19,-0.00305,-0.0032
2021-11-26,-0.0272,-0.02291
2021-12-03,-0.05114,-0.04094
2021-12-10,-0.03747,-0.02329
2021-12-17,-0.0286,-0.01966
2021-12-24,-0.03111,-0.03008
2021-12-31,-0.00404,-0.00528
2022-01-07,-0.07758,-0.02432
2022-01-14,-0.10591,-0.02759
2022-01-21,-0.18501,-0.08317
2022-01-28,-0.20054,-0.09728
2022-02-04,-0.16708,-0.06512
2022-02-11,-0.17723,-0.07798
2022-02-18,-0.18465,-0.09102
2022-02-25,-0.22468,-0.11672
2022-03-04,-0.20922,-0.09991
2022-03-11,-0.2447,-0.12866
2022-03-18,-0.24444,-0.12709
2022-03-25,-0.21086,-0.0681
2022-04-01,-0.20628,-0.05164
2022-04-08,-0.22601,-0.06239
2022-04-15,-0.24693,-0.08072
2022-04-22,-0.26042,-0.10539
2022-04-29,-0.3129,-0.13487
2022-05-06,-0.32035,-0.13626
2022-05-13,-0.35879,-0.17616
2022-05-20,-0.34545,-0.1822
2022-05-27,-0.32913,-0.1729
2022-06-03,-0.29404,-0.13993
2022-06-10,-0.30659,-0.18149
2022-06-17,-0.33404,-0.2301
2022-06-24,-0.31587,-0.21045
2022-07-01,-0.31069,-0.20442
2022-07-08,-0.30029,-0.19449
2022-07-15,-0.30094,-0.20303
2022-07-22,-0.28226,-0.19451
2022-07-29,-0.29023,-0.17565
2022-08-05,-0.26617,-0.13944
2022-08-12,-0.26252,-0.13251
2022-08-19,-0.24184,-0.10975
2022-08-26,-0.27683,-0.14524
2022-09-02,-0.31221,-0.17281
2022-09-09,-0.31665,-0.17593
2022-09-16,-0.32655,-0.18355
2022-09-23,-0.36376,-0.22084
2022-09-30,-0.38776,-0.24365
2022-10-07,-0.37465,-0.23177
2022-10-14,-0.3974,-0.24496
2022-10-21,-0.3796,-0.22622
2022-10-28,-0.35402,-0.19772
2022-11-04,-0.3341,-0.21437
2022-11-11,-0.32921,-0.20776
2022-11-18,-0.28249,-0.16517
2022-11-25,-0.2702,-0.16443
2022-12-02,-0.26454,-0.16308
2022-12-09,-0.28359,-0.16746
2022-12-16,-0.3021,-0.18468
2022-12-23,-0.30928,-0.19159
2022-12-30,-0.3208,-0.19874
2023-01-06,-0.32238,-0.19295
2023-01-13,-0.30821,-0.17491
2023-01-20,-0.29223,-0.17325
2023-01-27,-0.28311,-0.14866
2023-02-03,-0.27406,-0.14783
2023-02-10,-0.25468,-0.13401
2023-02-17,-0.25346,-0.13364
2023-02-24,-0.31525,-0.15679
2023-03-03,-0.31656,-0.16028
2023-03-10,-0.33336,-0.17906
2023-03-17,-0.34608,-0.18023
2023-03-24,-0.33775,-0.16269
2023-03-31,-0.32691,-0.15524
2023-04-07,-0.31396,-0.12961
2023-04-14,-0.31392,-0.12865
2023-04-21,-0.31964,-0.12047
2023-04-28,-0.33888,-0.13653
2023-05-05,-0.36042,-0.13489
2023-05-12,-0.36464,-0.1225
2023-05-19,-0.36648,-0.12395
2023-05-26,-0.36009,-0.12216
2023-06-02,-0.37145,-0.10772
2023-06-09,-0.35064,-0.08915
2023-06-16,-0.34143,-0.07366
2023-06-23,-0.3431,-0.07149
2023-06-30,-0.3416,-0.07528
2023-07-07,-0.32208,-0.06004
2023-07-14,-0.305,-0.05766
2023-07-21,-0.26167,-0.0337
2023-07-28,-0.2557,-0.03016
2023-08-04,-0.25361,-0.04234
2023-08-11,-0.26079,-0.04482
2023-08-18,-0.28686,-0.06489
2023-08-25,-0.28481,-0.0636
2023-09-01,-0.27424,-0.05102
2023-09-08,-0.27597,-0.04654
2023-09-15,-0.27089,-0.04636
2023-09-22,-0.28905,-0.07421
2023-09-29,-0.28827,-0.08398
2023-10-06,-0.32886,-0.09321
2023-10-13,-0.32279,-0.07189
2023-10-20,-0.34173,-0.09407
2023-10-27,-0.35934,-0.11667
2023-11-03,-0.35575,-0.10611
2023-11-10,-0.32993,-0.06686
2023-11-17,-0.3142,-0.0532
2023-11-24,-0.30315,-0.02507
2023-12-01,-0.28157,-0.02246
2023-12-08,-0.26507,-0.02186
2023-12-15,-0.25603,-0.00631
2023-12-22,-0.22699,-0.01386
2023-12-29,-0.20824,-0.00289
2024-01-05,-0.22402,-0.01974
2024-01-12,-0.22167,-0.00589
2024-01-19,-0.21991,-0.00923
2024-01-26,-0.21035,-0.00127
2024-02-02,-0.21081,-0.01708
2024-02-09,-0.21919,-0.00364
2024-02-16,-0.22343,-0.01421
2024-02-23,-0.22399,-0.01046
2024-03-01,-0.18842,-0.00366
2024-03-08,-0.18267,-0.01106
2024-03-15,-0.18687,-0.01038
2024-03-22,-0.18433,-0.0045
2024-03-29,-0.15983,-0.00649
2024-04-05,-0.14834,-0.01931
2024-04-12,-0.13937,-0.02355
2024-04-19,-0.16565,-0.05354
2024-04-26,-0.1624,-0.04482
2024-05-03,-0.11846,-0.04362
2024-05-10,-0.09498,-0.01262
2024-05-17,-0.09347,-0.00432
2024-05-24,-0.07976,-0.01016
2024-05-31,-0.08145,-0.01647
2024-06-07,-0.08713,-0.0067
2024-06-14,-0.08821,0.0
2024-06-21,-0.09139,-0.00405
2024-06-28,-0.09966,-0.00729
2024-07-05,-0.12124,-0.00254
2024-07-12,-0.12858,-0.00862
2024-07-19,-0.18501,-0.0281
2024-07-26,-0.17081,-0.04683
2024-08-02,-0.19487,-0.05658
2024-08-09,-0.21122,-0.08406
2024-08-16,-0.18344,-0.05593
2024-08-23,-0.18879,-0.0153
2024-08-30,-0.18473,-0.01161
2024-09-06,-0.21032,-0.04337
2024-09-13,-0.2058,-0.03266
2024-09-20,-0.19424,-0.00613
2024-09-27,-0.18253,-0.00221
2024-10-04,-0.18573,-0.01035
2024-10-11,-0.19526,-0.01039
2024-10-18,-0.16541,-0.00777
2024-10-25,-0.18352,-0.01129
2024-11-01,-0.18646,-0.02728
2024-11-08,-0.17438,-0.02528
2024-11-15,-0.15507,-0.02173
2024-11-22,-0.14937,-0.01772
2024-11-29,-0.10592,-0.00303
2024-12-06,-0.10628,-0.00165
2024-12-13,-0.11865,-0.00824
2024-12-20,-0.1705,-0.03572
2024-12-27,-0.1512,-0.01829
2025-01-03,-0.15679,-0.03488
2025-01-10,-0.18525,-0.04173
2025-01-17,-0.17965,-0.04025
2025-01-24,-0.14012,-0.00449
2025-01-31,-0.1501,-0.01702
2025-02-07,-0.13321,-0.01965
2025-02-14,-0.12372,-0.01048
2025-02-21,-0.12609,-0.02119
2025-02-28,-0.13673,-0.04549
2025-03-07,-0.15648,-0.06562
2025-03-14,-0.18984,-0.10035
2025-03-21,-0.17389,-0.08469
2025-03-28,-0.17397,-0.09071
2025-04-04,-0.25763,-0.17315
2025-04-11,-0.26993,-0.18755
2025-04-18,-0.2271,-0.1398
2025-04-25,-0.24271,-0.15908
2025-05-02,-0.19788,-0.09858
2025-05-09,-0.19607,-0.08557
2025-05-16,-0.17074,-0.04599
2025-05-23,-0.17473,-0.05234
2025-05-30,-0.16843,-0.03823
2025-06-06,-0.16764,-0.03008
2025-06-13,-0.16047,-0.02306
2025-06-20,-0.15686,-0.02464
2025-06-27,-0.14696,-0.015
2025-07-04,-0.1268,-0.00032
2025-07-11,-0.11488,-0.008
2025-07-18,-0.12178,-0.00588
2025-07-25,-0.11819,0.0
2025-08-01,-0.13979,-0.02414
2025-08-08,-0.14594,-0.01433
2025-08-15,-0.14338,-0.00234
2025-08-22,-0.13408,-0.01457
2025-08-29,-0.11963,-0.00596
2025-09-05,-0.12274,-0.01333
2025-09-12,-0.11758,-0.00045
2025-09-19,-0.11617,-0.00262
2025-09-26,-0.10912,-0.01318
2025-10-03,-0.10062,-0.00474
2025-10-10,-0.13925,-0.02985
2025-10-17,-0.13916,-0.01853
2025-10-24,-0.12696,-0.00789
2025-10-31,-0.13145,-0.011
2025-11-07,-0.1401,-0.02485
2025-11-14,-0.13839,-0.02249
2025-11-21,-0.16288,-0.05071
2025-11-28,-0.1488,-0.02715
2025-12-05,-0.13876,-0.01036
2025-12-12,-0.13815,-0.01075
2025-12-19,-0.14294,-0.02578
2025-12-26,-0.13471,-0.00336
2026-01-02,-0.14127,-0.01225
2026-01-09,-0.13793,-0.00385
2026-01-16,-0.12615,-0.0069
2026-01-23,-0.12937,-0.02529
2026-01-30,-0.1121,-0.00506
2026-02-06,-0.1123,-0.02569
2026-02-13,-0.098,-0.02045
2026-02-20,-0.10184,-0.01817
2026-02-27,-0.09622,-0.01884
2026-03-06,-0.11355,-0.03834
2026-03-13,-0.14064,-0.05277
2026-03-20,-0.15827,-0.06986
2026-03-27,-0.17176,-0.09063
2026-04-03,-0.17584,-0.09367
2026-04-10,-0.15407,-0.055
2026-04-17,-0.13388,-0.01604
2026-04-24,-0.11279,-0.00853
2026-05-01,-0.11693,-0.00502
2026-05-08,-0.11916,-0.00366
2026-05-15,-0.10979,-0.01203
2026-05-22,-0.10455,-0.0193
2026-05-29,-0.10248,-0.00017
2026-06-05,-0.09258,-0.02899
2026-06-12,-0.09868,-0.04495
2026-06-19,-0.09304,-0.0245
2026-06-26,-0.08918,-0.03779
2026-07-03,-0.06382,-0.02193
2026-07-10,-0.06917,-0.01613
2026-07-17,-0.05976,-0.01891
2026-07-24,-0.07256,-0.02566
2026-07-31,-0.08077,-0.03717
2026-08-07,-0.0598,-0.00359
2026-08-14,-0.04756,-0.00349
2026-08-21,-0.06013,-0.01964
